北海道	青森県	沖縄県
北海道	岩手県	鹿児島県
北海道	秋田県	長崎県
北海道	宮城県	宮崎県
北海道	山形県	熊本県
北海道	福島県	佐賀県
北海道	新潟県	福岡県
北海道	栃木県	大分県
北海道	茨城県	山口県
北海道	長野県	愛媛県
青森県	岩手県	沖縄県
青森県	秋田県	鹿児島県
青森県	北海道	長崎県
青森県	宮城県	宮崎県
青森県	山形県	熊本県
青森県	福島県	佐賀県
青森県	新潟県	福岡県
青森県	栃木県	大分県
青森県	茨城県	山口県
青森県	群馬県	愛媛県
岩手県	秋田県	沖縄県
岩手県	青森県	鹿児島県
岩手県	宮城県	長崎県
岩手県	山形県	宮崎県
岩手県	福島県	熊本県
岩手県	新潟県	佐賀県
岩手県	栃木県	福岡県
岩手県	北海道	大分県
岩手県	茨城県	山口県
岩手県	群馬県	愛媛県
宮城県	山形県	沖縄県
宮城県	福島県	鹿児島県
宮城県	岩手県	長崎県
宮城県	新潟県	宮崎県
宮城県	秋田県	佐賀県
宮城県	栃木県	熊本県
宮城県	茨城県	福岡県
宮城県	群馬県	大分県
宮城県	青森県	山口県
宮城県	埼玉県	愛媛県
秋田県	岩手県	沖縄県
秋田県	青森県	鹿児島県
秋田県	山形県	長崎県
秋田県	宮城県	宮崎県
秋田県	福島県	熊本県
秋田県	新潟県	佐賀県
秋田県	栃木県	福岡県
秋田県	茨城県	大分県
秋田県	長野県	山口県
秋田県	群馬県	愛媛県
山形県	宮城県	沖縄県
山形県	福島県	鹿児島県
山形県	新潟県	長崎県
山形県	秋田県	宮崎県
山形県	岩手県	佐賀県
山形県	栃木県	熊本県
山形県	茨城県	福岡県
山形県	群馬県	大分県
山形県	長野県	山口県
山形県	埼玉県	愛媛県
福島県	山形県	沖縄県
福島県	宮城県	鹿児島県
福島県	新潟県	長崎県
福島県	栃木県	宮崎県
福島県	茨城県	佐賀県
福島県	群馬県	熊本県
福島県	秋田県	福岡県
福島県	埼玉県	大分県
福島県	岩手県	山口県
福島県	長野県	愛媛県
茨城県	栃木県	沖縄県
茨城県	千葉県	鹿児島県
茨城県	埼玉県	長崎県
茨城県	東京都	佐賀県
茨城県	神奈川県	熊本県
茨城県	群馬県	宮崎県
茨城県	福島県	福岡県
茨城県	山梨県	大分県
茨城県	長野県	山口県
茨城県	山形県	広島県
栃木県	茨城県	沖縄県
栃木県	群馬県	鹿児島県
栃木県	埼玉県	長崎県
栃木県	東京都	佐賀県
栃木県	千葉県	熊本県
栃木県	神奈川県	宮崎県
栃木県	福島県	福岡県
栃木県	長野県	大分県
栃木県	山梨県	山口県
栃木県	新潟県	北海道
群馬県	栃木県	沖縄県
群馬県	埼玉県	鹿児島県
群馬県	長野県	長崎県
群馬県	山梨県	佐賀県
群馬県	東京都	宮崎県
群馬県	神奈川県	熊本県
群馬県	茨城県	福岡県
群馬県	千葉県	北海道
群馬県	新潟県	大分県
群馬県	静岡県	山口県
埼玉県	東京都	沖縄県
埼玉県	神奈川県	鹿児島県
埼玉県	千葉県	長崎県
埼玉県	群馬県	佐賀県
埼玉県	栃木県	熊本県
埼玉県	茨城県	福岡県
埼玉県	山梨県	宮崎県
埼玉県	静岡県	北海道
埼玉県	長野県	大分県
埼玉県	福島県	山口県
千葉県	東京都	沖縄県
千葉県	神奈川県	長崎県
千葉県	埼玉県	鹿児島県
千葉県	茨城県	佐賀県
千葉県	栃木県	熊本県
千葉県	群馬県	福岡県
千葉県	山梨県	宮崎県
千葉県	静岡県	北海道
千葉県	長野県	大分県
千葉県	福島県	山口県
東京都	埼玉県	沖縄県
東京都	神奈川県	鹿児島県
東京都	千葉県	長崎県
東京都	群馬県	佐賀県
東京都	栃木県	熊本県
東京都	茨城県	福岡県
東京都	山梨県	宮崎県
東京都	静岡県	北海道
東京都	長野県	大分県
東京都	福島県	山口県
神奈川県	東京都	沖縄県
神奈川県	埼玉県	長崎県
神奈川県	千葉県	鹿児島県
神奈川県	山梨県	佐賀県
神奈川県	群馬県	熊本県
神奈川県	茨城県	福岡県
神奈川県	栃木県	北海道
神奈川県	静岡県	宮崎県
神奈川県	長野県	大分県
神奈川県	愛知県	山口県
新潟県	山形県	沖縄県
新潟県	福島県	鹿児島県
新潟県	長野県	長崎県
新潟県	栃木県	宮崎県
新潟県	宮城県	佐賀県
新潟県	群馬県	熊本県
新潟県	富山県	福岡県
新潟県	茨城県	大分県
新潟県	秋田県	山口県
新潟県	埼玉県	愛媛県
富山県	石川県	沖縄県
富山県	長野県	鹿児島県
富山県	福井県	長崎県
富山県	岐阜県	北海道
富山県	山梨県	宮崎県
富山県	群馬県	佐賀県
富山県	愛知県	熊本県
富山県	新潟県	福岡県
富山県	静岡県	大分県
富山県	滋賀県	山口県
石川県	富山県	沖縄県
石川県	福井県	北海道
石川県	岐阜県	鹿児島県
石川県	長野県	長崎県
石川県	愛知県	宮崎県
石川県	滋賀県	佐賀県
石川県	京都府	熊本県
石川県	山梨県	福岡県
石川県	三重県	青森県
石川県	群馬県	大分県
福井県	石川県	沖縄県
福井県	岐阜県	北海道
福井県	富山県	鹿児島県
福井県	愛知県	長崎県
福井県	滋賀県	青森県
福井県	京都府	宮崎県
福井県	三重県	佐賀県
福井県	奈良県	熊本県
福井県	大阪府	福岡県
福井県	兵庫県	岩手県
山梨県	静岡県	沖縄県
山梨県	群馬県	鹿児島県
山梨県	埼玉県	長崎県
山梨県	神奈川県	北海道
山梨県	東京都	佐賀県
山梨県	長野県	熊本県
山梨県	千葉県	宮崎県
山梨県	栃木県	福岡県
山梨県	愛知県	大分県
山梨県	富山県	山口県
長野県	群馬県	沖縄県
長野県	富山県	鹿児島県
長野県	山梨県	長崎県
長野県	石川県	宮崎県
長野県	栃木県	佐賀県
長野県	新潟県	熊本県
長野県	埼玉県	福岡県
長野県	東京都	北海道
長野県	静岡県	大分県
長野県	福井県	山口県
岐阜県	愛知県	沖縄県
岐阜県	三重県	北海道
岐阜県	福井県	鹿児島県
岐阜県	滋賀県	青森県
岐阜県	京都府	長崎県
岐阜県	奈良県	佐賀県
岐阜県	石川県	宮崎県
岐阜県	大阪府	熊本県
岐阜県	富山県	岩手県
岐阜県	静岡県	福岡県
静岡県	山梨県	沖縄県
静岡県	神奈川県	北海道
静岡県	愛知県	長崎県
静岡県	東京都	鹿児島県
静岡県	埼玉県	佐賀県
静岡県	岐阜県	福岡県
静岡県	群馬県	熊本県
静岡県	千葉県	宮崎県
静岡県	三重県	青森県
静岡県	長野県	大分県
愛知県	岐阜県	沖縄県
愛知県	三重県	北海道
愛知県	滋賀県	鹿児島県
愛知県	京都府	青森県
愛知県	奈良県	長崎県
愛知県	福井県	佐賀県
愛知県	静岡県	熊本県
愛知県	大阪府	岩手県
愛知県	石川県	宮崎県
愛知県	山梨県	福岡県
三重県	愛知県	沖縄県
三重県	奈良県	北海道
三重県	滋賀県	青森県
三重県	岐阜県	岩手県
三重県	京都府	鹿児島県
三重県	大阪府	長崎県
三重県	兵庫県	秋田県
三重県	和歌山県	佐賀県
三重県	福井県	熊本県
三重県	静岡県	福岡県
滋賀県	京都府	沖縄県
滋賀県	奈良県	北海道
滋賀県	大阪府	青森県
滋賀県	三重県	岩手県
滋賀県	兵庫県	秋田県
滋賀県	岐阜県	鹿児島県
滋賀県	愛知県	長崎県
滋賀県	和歌山県	宮城県
滋賀県	福井県	佐賀県
滋賀県	鳥取県	山形県
京都府	滋賀県	沖縄県
京都府	奈良県	北海道
京都府	大阪府	青森県
京都府	兵庫県	岩手県
京都府	三重県	秋田県
京都府	岐阜県	鹿児島県
京都府	和歌山県	長崎県
京都府	愛知県	宮城県
京都府	福井県	山形県
京都府	鳥取県	佐賀県
大阪府	奈良県	沖縄県
大阪府	兵庫県	北海道
大阪府	京都府	青森県
大阪府	滋賀県	岩手県
大阪府	和歌山県	秋田県
大阪府	三重県	宮城県
大阪府	徳島県	山形県
大阪府	岐阜県	鹿児島県
大阪府	愛知県	長崎県
大阪府	香川県	福島県
兵庫県	大阪府	沖縄県
兵庫県	和歌山県	北海道
兵庫県	奈良県	青森県
兵庫県	京都府	岩手県
兵庫県	滋賀県	秋田県
兵庫県	徳島県	宮城県
兵庫県	香川県	山形県
兵庫県	岡山県	福島県
兵庫県	三重県	鹿児島県
兵庫県	鳥取県	長崎県
奈良県	大阪府	沖縄県
奈良県	滋賀県	北海道
奈良県	京都府	青森県
奈良県	兵庫県	岩手県
奈良県	三重県	秋田県
奈良県	和歌山県	鹿児島県
奈良県	愛知県	宮城県
奈良県	岐阜県	長崎県
奈良県	徳島県	山形県
奈良県	福井県	福島県
和歌山県	兵庫県	沖縄県
和歌山県	徳島県	北海道
和歌山県	大阪府	青森県
和歌山県	奈良県	岩手県
和歌山県	京都府	秋田県
和歌山県	香川県	宮城県
和歌山県	滋賀県	山形県
和歌山県	岡山県	福島県
和歌山県	三重県	新潟県
和歌山県	鳥取県	茨城県
鳥取県	岡山県	沖縄県
鳥取県	島根県	北海道
鳥取県	兵庫県	青森県
鳥取県	香川県	岩手県
鳥取県	大阪府	秋田県
鳥取県	京都府	宮城県
鳥取県	滋賀県	山形県
鳥取県	徳島県	福島県
鳥取県	和歌山県	茨城県
鳥取県	奈良県	鹿児島県
島根県	鳥取県	沖縄県
島根県	岡山県	北海道
島根県	広島県	青森県
島根県	香川県	岩手県
島根県	愛媛県	秋田県
島根県	山口県	宮城県
島根県	徳島県	山形県
島根県	兵庫県	福島県
島根県	高知県	茨城県
島根県	和歌山県	千葉県
岡山県	香川県	北海道
岡山県	徳島県	沖縄県
岡山県	鳥取県	青森県
岡山県	兵庫県	岩手県
岡山県	島根県	秋田県
岡山県	和歌山県	宮城県
岡山県	高知県	山形県
岡山県	広島県	福島県
岡山県	愛媛県	茨城県
岡山県	大阪府	新潟県
広島県	愛媛県	北海道
広島県	山口県	青森県
広島県	島根県	沖縄県
広島県	高知県	岩手県
広島県	岡山県	秋田県
広島県	香川県	宮城県
広島県	大分県	山形県
広島県	徳島県	福島県
広島県	鳥取県	茨城県
広島県	福岡県	栃木県
山口県	広島県	北海道
山口県	大分県	青森県
山口県	福岡県	岩手県
山口県	愛媛県	秋田県
山口県	佐賀県	宮城県
山口県	熊本県	沖縄県
山口県	高知県	山形県
山口県	島根県	福島県
山口県	長崎県	茨城県
山口県	岡山県	栃木県
徳島県	香川県	北海道
徳島県	和歌山県	沖縄県
徳島県	岡山県	青森県
徳島県	兵庫県	岩手県
徳島県	高知県	秋田県
徳島県	大阪府	宮城県
徳島県	奈良県	山形県
徳島県	京都府	福島県
徳島県	滋賀県	茨城県
徳島県	鳥取県	新潟県
香川県	岡山県	北海道
香川県	徳島県	沖縄県
香川県	高知県	青森県
香川県	和歌山県	岩手県
香川県	兵庫県	秋田県
香川県	愛媛県	宮城県
香川県	鳥取県	山形県
香川県	大阪府	福島県
香川県	広島県	茨城県
香川県	島根県	新潟県
愛媛県	広島県	北海道
愛媛県	高知県	青森県
愛媛県	山口県	岩手県
愛媛県	大分県	沖縄県
愛媛県	香川県	秋田県
愛媛県	岡山県	宮城県
愛媛県	徳島県	山形県
愛媛県	島根県	福島県
愛媛県	福岡県	茨城県
愛媛県	熊本県	新潟県
高知県	愛媛県	北海道
高知県	香川県	青森県
高知県	徳島県	沖縄県
高知県	岡山県	岩手県
高知県	広島県	秋田県
高知県	和歌山県	宮城県
高知県	大分県	山形県
高知県	兵庫県	福島県
高知県	山口県	茨城県
高知県	島根県	新潟県
福岡県	佐賀県	北海道
福岡県	熊本県	青森県
福岡県	長崎県	岩手県
福岡県	山口県	秋田県
福岡県	大分県	宮城県
福岡県	広島県	山形県
福岡県	宮崎県	福島県
福岡県	愛媛県	茨城県
福岡県	鹿児島県	栃木県
福岡県	高知県	千葉県
佐賀県	福岡県	北海道
佐賀県	熊本県	青森県
佐賀県	長崎県	岩手県
佐賀県	大分県	秋田県
佐賀県	山口県	宮城県
佐賀県	宮崎県	山形県
佐賀県	鹿児島県	福島県
佐賀県	広島県	茨城県
佐賀県	愛媛県	栃木県
佐賀県	高知県	新潟県
長崎県	佐賀県	北海道
長崎県	熊本県	青森県
長崎県	福岡県	岩手県
長崎県	鹿児島県	秋田県
長崎県	大分県	宮城県
長崎県	宮崎県	山形県
長崎県	山口県	福島県
長崎県	愛媛県	茨城県
長崎県	広島県	栃木県
長崎県	高知県	新潟県
熊本県	佐賀県	北海道
熊本県	長崎県	青森県
熊本県	大分県	岩手県
熊本県	福岡県	秋田県
熊本県	宮崎県	宮城県
熊本県	鹿児島県	山形県
熊本県	山口県	福島県
熊本県	愛媛県	茨城県
熊本県	広島県	新潟県
熊本県	高知県	栃木県
大分県	熊本県	北海道
大分県	山口県	青森県
大分県	福岡県	岩手県
大分県	佐賀県	秋田県
大分県	愛媛県	宮城県
大分県	宮崎県	山形県
大分県	広島県	福島県
大分県	長崎県	茨城県
大分県	高知県	沖縄県
大分県	鹿児島県	新潟県
宮崎県	鹿児島県	北海道
宮崎県	熊本県	青森県
宮崎県	大分県	岩手県
宮崎県	長崎県	秋田県
宮崎県	佐賀県	宮城県
宮崎県	福岡県	山形県
宮崎県	愛媛県	福島県
宮崎県	山口県	茨城県
宮崎県	高知県	新潟県
宮崎県	広島県	栃木県
鹿児島県	宮崎県	北海道
鹿児島県	熊本県	青森県
鹿児島県	長崎県	岩手県
鹿児島県	佐賀県	秋田県
鹿児島県	大分県	宮城県
鹿児島県	福岡県	山形県
鹿児島県	山口県	福島県
鹿児島県	愛媛県	茨城県
鹿児島県	高知県	新潟県
鹿児島県	広島県	栃木県
沖縄県	鹿児島県	北海道
沖縄県	宮崎県	青森県
沖縄県	長崎県	岩手県
沖縄県	熊本県	秋田県
沖縄県	佐賀県	宮城県
沖縄県	福岡県	山形県
沖縄県	大分県	福島県
沖縄県	山口県	新潟県
沖縄県	愛媛県	茨城県
沖縄県	高知県	栃木県
